{
    "machine-1-4": {
        "best_valid_loss": -32.49267417976733,
        "train_time": 826.8653764724731,
        "valid_time": 0.9047891905265195,
        "pred_time": 0.5261213986550347,
        "pred_total_time": 248.8038125038147,
        "best-f1": 0.9423581058574141,
        "precision": 0.9790419015113488,
        "recall": 0.9083333207175928,
        "TP": 654.0,
        "TN": 22854.0,
        "FP": 14.0,
        "FN": 66.0,
        "latency": 26.999662504218698,
        "threshold": -142.0,
        "pot-f1": 0.5323646373347037,
        "pot-precision": 0.3667366192721059,
        "pot-recall": 0.9708333198495372,
        "pot-TP": 699.0,
        "pot-TN": 21661.0,
        "pot-FP": 1207.0,
        "pot-FN": 21.0,
        "pot-threshold": -12.653258171397361,
        "pot-latency": 7.909019008918101
    }
}