{
    "machine-1-1": {
        "best_valid_loss": -61.59691721522176,
        "train_time": 1056.1148863315582,
        "valid_time": 0.875515617042715,
        "pred_time": 0.4876665002863172,
        "pred_total_time": 277.6112051010132,
        "best-f1": 0.9983230661696932,
        "precision": 0.9992562253653542,
        "recall": 0.9974016295567868,
        "TP": 2687.0,
        "TN": 25664.0,
        "FP": 2.0,
        "FN": 7.0,
        "latency": 115.79768404631908,
        "threshold": -399.0,
        "pot-f1": 0.8466324499774099,
        "pot-precision": 0.7340599435039238,
        "pot-recall": 0.9999999962880475,
        "pot-TP": 2694.0,
        "pot-TN": 24690.0,
        "pot-FP": 976.0,
        "pot-FN": 0.0,
        "pot-threshold": 7.421102234045043,
        "pot-latency": 3.374957813027337
    }
}