{
    "machine-1-2": {
        "best_valid_loss": -79.44815314155497,
        "train_time": 807.27752161026,
        "valid_time": 0.8991734181131635,
        "pred_time": 0.572084427890131,
        "pred_total_time": 271.2857708930969,
        "best-f1": 0.9126163552727892,
        "precision": 0.963114734362403,
        "recall": 0.8671586555874787,
        "TP": 470.0,
        "TN": 23015.0,
        "FP": 18.0,
        "FN": 72.0,
        "latency": 13.888734569615893,
        "threshold": -399.0,
        "pot-f1": 0.8407821094699329,
        "pot-precision": 0.8159722080560381,
        "pot-recall": 0.8671586555874787,
        "pot-TP": 470.0,
        "pot-TN": 22927.0,
        "pot-FP": 106.0,
        "pot-FN": 72.0,
        "pot-threshold": -105.51843838188124,
        "pot-latency": 3.7777358029355232
    }
}