{
    "machine-1-3": {
        "best_valid_loss": -20.946549397779485,
        "train_time": 831.927835893631,
        "valid_time": 0.907830514226641,
        "pred_time": 0.5728142892910262,
        "pred_total_time": 270.82960748672485,
        "best-f1": 0.8942015420797605,
        "precision": 0.9208819595216348,
        "recall": 0.8690330370987389,
        "TP": 710.0,
        "TN": 22706.0,
        "FP": 61.0,
        "FN": 107.0,
        "latency": 28.74964062949213,
        "threshold": -88.0,
        "pot-f1": 0.61120117180928,
        "pot-precision": 0.9972298892734104,
        "pot-recall": 0.4406364695148535,
        "pot-TP": 360.0,
        "pot-TN": 22766.0,
        "pot-FP": 1.0,
        "pot-FN": 457.0,
        "pot-threshold": -183.0292460514221,
        "pot-latency": 38.332055598146724
    }
}