{
    "machine-3-3.txt": {
        "best_valid_loss": -70.2399612571903,
        "train_time": 531.7943416118621,
        "valid_time": 0.6132715602006231,
        "pred_time": 0.47122431458052944,
        "pred_total_time": 223.09640288352966,
        "best-f1": 0.7679544966228986,
        "precision": 0.6418703438696032,
        "recall": 0.9556961874098705,
        "TP": 604.0,
        "TN": 22615.0,
        "FP": 337.0,
        "FN": 28.0,
        "latency": 2.374990104207899,
        "threshold": -399.0,
        "pot-f1": 0.08835986835286981,
        "pot-precision": 0.046222482230510877,
        "pot-recall": 0.9999999841772155,
        "pot-TP": 632.0,
        "pot-TN": 9911.0,
        "pot-FP": 13041.0,
        "pot-FN": 0.0,
        "pot-threshold": 10.589981079101562,
        "pot-latency": 0.038461390533113336
    }
}